city_name,city_id,total_trips,avg_fare_per_km,avg_fare_per_trip,contribution_to_total_trips
Jaipur,RJ01,76888,16.1182,483.9181,18.05294
Lucknow,UP01,64299,11.7622,147.1804,15.09710
Surat,GJ01,54843,10.6638,117.2729,12.87688
Kochi,KL01,50702,13.9305,335.2451,11.90459
Indore,MP01,42456,10.8977,179.8386,9.96847
Chandigarh,CH01,38981,12.0622,283.6870,9.15255
Vadodara,GJ02,32026,10.2942,118.5662,7.51955
Visakhapatnam,AP01,28366,12.5332,282.6723,6.66020
Coimbatore,TN01,21104,11.1476,166.9822,4.95512
Mysore,KA01,16238,15.1366,249.7072,3.81261
